player,position,country
72,CB,uy URU
Abdallah Sima,LW,sn SEN
Abdoulaye Niakhate Ndiaye,CB,sn SEN
Abdu Conté,LB,pt POR
Abel Ruiz,FW,es ESP
Achraf Hakimi,RB,ma MAR
Adam Aznou,LB,ma MAR
Adam Daghim,RW,dk DEN
Adam Idah,FW,ie IRL
Adam Sevinsky,CB,cz CZE
Adamo Nagalo,RB,bf BFA
Ademola Lookman,AM,ng NGA
Alaa Ghram,RB,tn TUN
Alan Virginius,RM,fr FRA
Albion Rrahmani,FW,xk KVX
Aleix García,AM,es ESP
Alejandro Balde,LB,es ESP
Alejandro Francés,CB,es ESP
Aleksa Terzic,LB,rs SRB
Aleksandar Katai,FW,rs SRB
Aleksandar Pavlovic,DM,de GER
Aleksandr Golovin,DM,ru RUS
Alen Mustafic,CM,ba BIH
Alessandro Bastoni,CB,it ITA
Alexander Bah,RB,dk DEN
Alexander Meyer,GK,de GER
Alexander Nübel,GK,de GER
Alexander Schlager,GK,at AUT
Alexander Sørloth,FW,no NOR
Alexis Mac Allister,DM,ar ARG
Alexsandro Ribeiro,CB,br BRA
Alisson,GK,br BRA
Alistair Johnston,RB,ca CAN
Alphonso Davies,LB,ca CAN
Amadou Haidara,CM,ml MLI
Amadou Onana,DM,be BEL
Amady Camara,FW,ml MLI
Amar Dedic,RB,ba BIH
Amara Nallo,CB,eng ENG
Ameen Al-Dakhil,LB,be BEL
Amine Adli,AM,ma MAR
Anatolii Trubin,GK,ua UKR
Andrea Cambiaso,LB,it ITA
Andreas Schjelderup,RB,no NOR
Andreas Skov Olsen,RM,dk DEN
Andres Cuenca,CB,es ESP
Andrew Robertson,LB,sct SCO
Andrija Maksimovic,AM,rs SRB
Andriy Lunin,GK,ua UKR
André Silva,LW,pt POR
Angel Gomes,CM,eng ENG
Angelo Stiller,DM,de GER
Anis Hadj Moussa,WB,dz ALG
Anrie Chase,RB,jp JPN
Ansu Fati,LW,es ESP
Antal Yaakobishvili,CB,hu HUN
Anthony Ralston,RB,sct SCO
Anthony Rouault,CB,fr FRA
Antoine Griezmann,AM,fr FRA
Antoni Milambo,RW,nl NED
Antonio Nusa,RM,no NOR
Antonio Rüdiger,CB,de GER
António Silva,CB,pt POR
Arbër Hoxha,LB,al ALB
Arda Güler,AM,tr TUR
Ardon Jashari,CM,ch SUI
Arijan Ademi,CM,mk MKD
Arijon Ibrahimovic,FW,de GER
Arjan Malic,RB,ba BIH
Armando Obispo,AM,cw CUW
Arnau Martinez,RB,es ESP
Arnaut Danjuma,FW,nl NED
Arne Engels,RM,be BEL
Artem Bondarenko,DM,ua UKR
Artem Stepanov,FW,ua UKR
Arthur,RB,br BRA
Arthur Cabral,FW,br BRA
Arthur Vermeeren,CM,be BEL
Artur Gajdoš,DM,sk SVK
Asger Sørensen,CB,dk DEN
Assan Ouedraogo,RB,de GER
Atakan Karazor,DM,tr TUR
Aurélien Tchouaméni,CM,fr FRA
Auston Trusty,CB,us USA
Axel Witsel,AM,be BEL
Ayase Ueda,AM,jp JPN
Ayman Azhil,RM,ma MAR
Ayyoub Bouaddi,CM,fr FRA
Aïssa Mandi,CB,dz ALG
Bafodé Diakité,CB,fr FRA
Bart Nieuwkoop,RM,nl NED
Bartol Franjic,DM,hr CRO
Ben Godfrey,CB,eng ENG
Ben White,RB,eng ENG
Benjamin André,CM,fr FRA
Benjamin Boakye,RW,de GER
Benjamin Henrichs,RB,de GER
Benjamin Pavard,CB,fr FRA
Benjamin Šeško,FW,si SVN
Benjamín Rollheiser,AM,ar ARG
Berat Djimsiti,CB,al ALB
Bernardo Silva,CM,pt POR
Bjorn Meijer,LB,nl NED
Bobby Clark,LM,eng ENG
Bojan Miovski,FW,mk MKD
Boubacar Kamara,DM,fr FRA
Bradley Barcola,LW,fr FRA
Brahim Díaz,RM,ma MAR
Brandon Mechele,CB,be BEL
Branko Pavic,CM,hr CRO
Breel Embolo,FW,ch SUI
Brendan Chardonnet,CB,fr FRA
Bruno Duarte,FW,br BRA
Bruno Petkovic,FW,hr CRO
Bryan Gil,LW,es ESP
Bukayo Saka,RW,eng ENG
Caio Henrique Oliveira Silva,LM,br BRA
Callum Mc Gregor,CM,sct SCO
Calvin Stengs,RW,nl NED
Cameron Carter-Vickers,CB,us USA
Caoimhín Kelleher,GK,ie IRL
Carlos Augusto,WB,br BRA
Casper Nielsen,CM,dk DEN
Castello Lukeba,CB,fr FRA
Cedric Itten,FW,ch SUI
Charalambos Lykogiannis,LB,gr GRE
Charalampos Lykogiannis,LB,gr GRE
Charles De Ketelaere,AM,be BEL
Cheikh Niasse,CM,sn SEN
Cheikh Tidiane Niasse,DM,sn SEN
Chemsdine Talbi,LM,be BEL
Cherif Ndiaye,FW,sn SEN
Chris Führich,LW,de GER
Chris Nadje,AM,fr FRA
Christian Mawissa,LB,fr FRA
Christian Pulisic,RW,us USA
Christoph Baumgartner,RM,at AUT
Christos Tzolis,LM,gr GRE
Clément Lenglet,CB,fr FRA
Cody Gakpo,LW,nl NED
Cole Campbell,RW,us USA
Conor Bradley,RB,nir NIR
Conor Gallagher,CM,eng ENG
Conrad Harder,FW,dk DEN
Couhaib Driouech,LW,ma MAR
Cristhian Stuani,FW,uy URU
Curtis Jones,AM,eng ENG
César Azpilicueta,LB,es ESP
César Blackman,RB,pa PAN
Daizen Maeda,LW,jp JPN
Daley Blind,LB,nl NED
Dan Ndoye,LW,ch SUI
Dan-Axel Zagadou,CB,fr FRA
Dane Murray,CB,sct SCO
Dani Carvajal,RB,es ESP
Dani Ceballos,LM,es ESP
Dani Olmo,LW,es ESP
Daniel Bragança,CM,pt POR
Daniel Cummings,FW,sct SCO
Daniel Peretz,GK,il ISR
Daniil Khudiakov,GK,ru RUS
Danijel Zagorac,GK,hr CRO
Danilo,CB,br BRA
Danylo Ihnatenko,DM,ua UKR
Danylo Sikan,FW,ua UKR
Daouda Guindo,LB,ml MLI
Darian Males,LM,ch SUI
Dario Špikić,RB,hr CRO
Darwin Núñez,FW,uy URU
David Alaba,CB,at AUT
David López,CB,es ESP
David Pavelka,CM,cz CZE
David Raum,LB,de GER
David Raya,GK,es ESP
David von Ballmoos,GK,ch SUI
Davide Calabria,RB,it ITA
Davide Frattesi,CM,it ITA
Davide Zappacosta,WB,it ITA
Dayot Upamecano,CB,fr FRA
Declan Rice,LM,eng ENG
Denis Zakaria,DM,ch SUI
Deniz Undav,FW,de GER
Denzel Dumfries,WB,nl NED
Diego Carlos,CB,br BRA
Dimitri Lavalée,CB,be BEL
Diogo Jota,FW,pt POR
Dmytro Kryskiv,DM,ua UKR
Dmytro Riznyk,GK,ua UKR
Dominik Szoboszlai,AM,hu HUN
Dominik Takác,GK,sk SVK
Donny van de Beek,AM,nl NED
Donnyvande Beek,AM,nl NED
Donyell Malen,FW,nl NED
Douglas Luiz,RM,br BRA
Dušan Vlahović,FW,rs SRB
Dálcio,DM,gw GNB
Dávid Hancko,CB,sk SVK
Dávid Strelec,FW,sk SVK
Désiré Doué,LW,fr FRA
Ebrima Colley,LW,gm GAM
Ederson,GK,br BRA
Edimilson Fernandes,CM,ch SUI
Edmond Tapsoba,CB,bf BFA
Edon Zhegrova,RM,xk KVX
Eduardo Camavinga,CM,fr FRA
Eduardo Quaresma,CB,pt POR
Egor Prutsev,RW,ru RUS
Eguinaldo,LW,br BRA
El Bilal Touré,FW,ml MLI
El Chadaille Bitshiabu,RB,fr FRA
Elias Cobbaut,CB,be BEL
Eliesse Ben Seghir,LW,ma MAR
Elif Elmas,LM,mk MKD
Eliot Matazo,DM,be BEL
Emanuel Aiwum,CB,at AUT
Emerson,RB,br BRA
Emi Buendía,AM,ar ARG
Emil Holm,RB,se SWE
Emiliano Martínez,GK,ar ARG
Emre Can,DM,de GER
Endrick,RW,br BRA
Enzo Millot,AM,fr FRA
Erencan Yardimci,FW,tr TUR
Eric Dier,CB,eng ENG
Eric García,DM,es ESP
Erling Haaland,FW,no NOR
Ermal Krasniqi,RW,xk KVX
Ethan Mbappé,RM,fr FRA
Ethan Nwaneri,FW,eng ENG
Exequiel Palacios,CM,ar ARG
Ezri Konsa,RB,eng ENG
Fabian Bredlow,GK,de GER
Fabian Rieder,RM,ch SUI
Fabián Ruiz Peña,LM,es ESP
Facundo González,RB,uy URU
Federico Chiesa,RW,it ITA
Federico Dimarco,WB,it ITA
Federico Gatti,CB,it ITA
Federico Ravaglia,GK,it ITA
Federico Valverde,RM,uy URU
Felix Nmecha,DM,de GER
Ferland Mendy,LB,fr FRA
Fermin López,AM,es ESP
Ferran Jutglà,FW,es ESP
Ferrán Torres,CB,es ESP
Fikayo Tomori,CB,eng ENG
Filip Panák,CB,cz CZE
Filip Ugrinic,CM,ch SUI
Filippo Terracciano,DM,it ITA
Florentino Luís,DM,pt POR
Florian Wirtz,AM,de GER
Folarin Balogun,FW,us USA
Fran Garcia,LB,es ESP
Francesco Acerbi,CB,it ITA
Francesco Camarda,FW,it ITA
Francis Onyeka,RW,de GER
Francisco Conceição,RW,pt POR
Francisco Trincão,AM,pt POR
Franco Israel,GK,uy URU
Fredrik Aursnes,DM,no NOR
Fredrik Oppegard,LB,no NOR
Frenkiede Jong,DM,nl NED
Gabriel Gudmundsson,LB,se SWE
Gabriel Jesus,FW,br BRA
Gabriel Magalhães,CB,br BRA
Gabriel Martinelli,LW,br BRA
Gavi,AM,es ESP
Geny Catamo,WB,mz MOZ
George Ilenikhena,FW,ng NGA
Geovany Quenda,WB,pt POR
Gerard Martín,RW,es ESP
Gernot Trauner,CB,at AUT
Giacomo De Pieri,FW,it ITA
Gianluigi Donnarumma,GK,it ITA
Gijs Smal,WB,nl NED
Gio Reyna,RM,us USA
Giorgio Scalvini,CB,it ITA
Giovanni Fabbian,RM,it ITA
Giuliano Simeone,RW,ar ARG
Gjivai Zechiël,CM,nl NED
Gleison Bremer,CB,br BRA
Gonçalo Inácio,CB,pt POR
Gonçalo Ramos,FW,pt POR
Granit Xhaka,CM,ch SUI
Greg Taylor,LB,sct SCO
Gregor Kobel,GK,ch SUI
Gregory Wüthrich,CB,ch SUI
Guram Kashia,CB,ge GEO
Gustaf Nilsson,FW,se SWE
Guus Til,RM,nl NED
Guélor Kanga,CM,ga GAB
Hakan Calhanoglu,FW,ba BIH
Hakan Çalhanoğlu,CM,tr TUR
Hans Vanaken,CM,be BEL
Harry Kane,FW,eng ENG
Harvey Elliott,LM,eng ENG
Hendry Blank,CB,de GER
Henrikh Mkhitaryan,CM,am ARM
Heorhiy Sudakov,AM,ua UKR
Hidemasa Morita,CM,jp JPN
Hirving Lozano,LM,mx MEX
Hugo Bueno,LB,es ESP
Hugo Magnetti,LM,fr FRA
Hugo Vetlesen,CM,no NOR
Hwang In-beom,CM,kr KOR
Hákon Arnar Haraldsson,AM,is ISL
Héctor Fort,CB,es ESP
Ian Maatsen,LB,nl NED
Ibrahim Osman,RW,gh GHA
Ibrahim Salah,LW,ma MAR
Ibrahima Konaté,CB,fr FRA
Idjessi Metsoko,FW,fr FRA
Igor Paixão,LW,br BRA
Indrit Tuci,LW,al ALB
Irakli Azarov,LB,ge GEO
Isaac Babadi,RW,nl NED
Isak Hien,CB,se SWE
Ismael Saibari,LM,ma MAR
Ismaily,LB,br BRA
Ismaël Bennacer,DM,dz ALG
Issa Kaboré,RB,bf BFA
Ivan Guteša,GK,rs SRB
Ivan Nevistic,GK,hr CRO
Iván Fresneda,RB,es ESP
Iván Martín,DM,es ESP
Iñaki Peña,GK,es ESP
Iñigo Martínez,CB,es ESP
Jack Grealish,LW,eng ENG
Jacob Ramsey,LW,eng ENG
Jacobo Ramón,CB,es ESP
Jaden Philogene Bidace,RW,eng ENG
Jahmai Simpson-Pusey,CB,eng ENG
Jakub Kiwior,LB,pl POL
Jakub Pesek,RW,cz CZE
Jamal Musiala,AM,de GER
James Forrest,RW,sct SCO
James Mc Connell,CM,eng ENG
James Mcatee,FW,eng ENG
Jamie Gittens,RW,eng ENG
Jamie Leweling,RW,de GER
Jan Oblak,GK,si SVN
Jan-Niklas Beste,LW,de GER
Janis Blaswich,GK,de GER
Jaouen Hadjam,LB,dz ALG
Jarell Quansah,CB,eng ENG
Jaroslav Zelený,CB,cz CZE
Jarzinho Malanga,RW,de GER
Jastin García,RB,es ESP
Javi Galán,LB,es ESP
Javier Serrano,DM,es ESP
Jayden Danns,FW,eng ENG
Jeanuël Belocian,WB,fr FRA
Jens Odgaard,RW,dk DEN
Jerdy Schouten,CM,nl NED
Jeremie Frimpong,WB,nl NED
Jeremy Doku,RW,be BEL
Jerry St.Juste,CB,nl NED
Jeyland Mitchell,CB,cr CRC
Jhon Lucumí,CB,co COL
Jhon Solis,DM,co COL
Joaquin Seys,RB,be BEL
Joe Gomez,RB,eng ENG
Joel Drommel,GK,nl NED
Joel Monteiro,RW,ch SUI
Joel Ordóñez,CB,ec ECU
Joey Veerman,LM,nl NED
Johan Bakayoko,RW,be BEL
John Mc Ginn,RW,sct SCO
John Mellberg,LB,se SWE
John Stones,CB,eng ENG
Jonas Hofmann,AM,de GER
Jonas Martin,LM,fr FRA
Jonas Rouhi,LB,se SWE
Jonathan David,FW,ca CAN
Jonathan Tah,CB,de GER
Jordan Amavi,LB,fr FRA
Jordan Lotomba,RB,ch SUI
Jordan Teze,RB,nl NED
Jorginho,CM,it ITA
Josha Vagnoman,RB,de GER
Joshua Kimmich,DM,de GER
Josip Misic,CM,hr CRO
Josip Mišić,CM,hr CRO
Josip Stanišić,LB,hr CRO
José María Giménez,CB,uy URU
João Neves,CM,pt POR
João Palhinha,DM,pt POR
João Rêgo,RW,pt POR
João Simões,AM,pt POR
Joško Gvardiol,LB,hr CRO
Juan Cuadrado,AM,co COL
Juan Córdoba,LW,co COL
Juan David Cabal,LB,co COL
Juan Miranda,LB,es ESP
Juanpe,CB,es ESP
Jude Bellingham,LM,eng ENG
Jules Koundé,RB,fr FRA
Julian Brandt,AM,de GER
Julian Chabot,CB,de GER
Julian Ryerson,RB,no NOR
Julien Duranville,RW,be BEL
Julien Le Cardinal,CB,fr FRA
Julián Carranza,FW,ar ARG
Julián Álvarez,FW,ar ARG
Juraj Kucka,DM,sk SVK
Jurij Medvedev,LM,cz CZE
Jurriën Timber,LB,nl NED
Justin Bijlow,GK,nl NED
Jáder Durán,FW,co COL
Július Szöke,CM,sk SVK
Kaan Kairinen,CM,fi FIN
Kacper Urbanski,RM,pl POL
Kai Havertz,RM,de GER
Kamil Piatkowski,LB,ba BIH
Kamory Doumbia,RM,ml MLI
Karim Adeyemi,LW,de GER
Karim Konaté,FW,ci CIV
Kasper Schmeichel,GK,dk DEN
Kassoum Ouattara,LB,fr FRA
Kastriot Imeri,CM,ch SUI
Kenan Bajric,CB,si SVN
Kenan Yildiz,LW,tr TUR
Kenny Lala,RB,mg MAD
Kerem Akturkoglu,CB,pl POL
Kerem Aktürkoğlu,LW,tr TUR
Kevin,LM,br BRA
Kevin De Bruyne,CM,be BEL
Kevin Kampl,CM,si SVN
Kevin Wimmer,LB,at AUT
Khéphren Thuram,CM,fr FRA
Kieran Tierney,LB,sct SCO
Kim Min-jae,CB,kr KOR
Kim Minsu,CM,kr KOR
Kingsley Coman,LW,fr FRA
Kjell Scherpen,GK,nl NED
Koke,CM,es ESP
Konrad Laimer,RB,at AUT
Konstantin Schopp,CB,at AUT
Kostas Tsimikas,LB,gr GRE
Kristjan Asllani,CM,al ALB
Krystof Danek,RB,rs SRB
Kryštof Daněk,LW,cz CZE
Krépin Diatta,RB,sn SEN
Kyle Walker,RB,eng ENG
Kylian Mbappé,FW,fr FRA
Kyogo Furuhashi,FW,jp JPN
Kyriakos Savvidis,DM,gr GRE
Kyriani Sabbe,RB,be BEL
Kévin Théophile-Catherine,CB,fr FRA
Ladislav Krejčí,CB,cz CZE
Lamare Bogarde,RB,nl NED
Lamine Camara,DM,sn SEN
Lamine Yamal,RW,es ESP
Lassina Franck Traoré,FW,bf BFA
Lautaro Martínez,FW,ar ARG
Lazar Samardzic,AM,rs SRB
Leandro Barreiro Martins,CM,lu LUX
Leandro Morgalla,RB,de GER
Leandro Trossard,FW,be BEL
Lee Kang-in,LM,kr KOR
Leon Bailey,RW,jm JAM
Leon Goretzka,DM,de GER
Leon Grgic,FW,hr CRO
Leon Jakirovic,CB,hr CRO
Leonidas Stergiou,RB,ch SUI
Leroy Sané,RW,de GER
Lewin Blum,RB,ch SUI
Lewis Ferguson,AM,sct SCO
Liam Scales,CB,ie IRL
Lorenzo Torriani,GK,it ITA
Loris Benito,CB,ch SUI
Lovro Zvonarek,AM,hr CRO
Loïs Openda,FW,be BEL
Lucas Beraldo,LB,br BRA
Lucas Chevalier,GK,fr FRA
Lucas Digne,LB,fr FRA
Lucas Gourna-Douath,LM,fr FRA
Lucas Hernández,LB,fr FRA
Lucas Michal,AM,fr FRA
Lucas Vázquez,RB,es ESP
Ludovic Ajorque,FW,fr FRA
Luis Díaz,LW,co COL
Luis Enrique Palma,LW,hn HON
Luka Ivanušec,CM,hr CRO
Luka Modric,DM,hr CRO
Luka Stojkovic,CM,hr CRO
Lukas Haraslin,LW,sk SVK
Lukas Kacavenda,LM,hr CRO
Lukas Klostermann,CB,de GER
Lukas Sadilek,CM,cz CZE
Lukasz Lakomy,CM,pl POL
Lukasz Skorupski,GK,pl POL
Luke Mc Cowan,RM,sct SCO
Lukáš Hrádecký,GK,fi FIN
Lukáš Pauschek,LB,sk SVK
Lukáš Penxa,WB,cz CZE
Lukáš Sadílek,CM,cz CZE
Lutsharel Geertruida,RB,nl NED
Luuk de Jong,FW,nl NED
Maarten Vandevoordt,GK,be BEL
Mads Bidstrup,RM,dk DEN
Maghnes Akliouche,RW,fr FRA
Mahdi Camara,RM,fr FRA
Malick Thiaw,CB,de GER
Malick Yalcouye,RM,ci CIV
Malik Tillman,LW,us USA
Mama Samba Baldé,RW,gw GNB
Mamady Diambou,RB,ml MLI
Manuel Akanji,RB,ch SUI
Manuel Locatelli,CM,it ITA
Manuel Neuer,GK,de GER
Marc Casado,DM,es ESP
Marc-Andréter Stegen,GK,de GER
Marcel Sabitzer,RW,at AUT
Marco Asensio,FW,es ESP
Marco Bizot,GK,nl NED
Marco Brescianini,AM,it ITA
Marco Carnesecchi,GK,it ITA
Marco Palestra,AM,it ITA
Marcos Llorente,WB,es ESP
Marcus Edwards,AM,eng ENG
Marcus Thuram,FW,fr FRA
Mario Pasalic,FW,hr CRO
Mario Pašalić,CM,hr CRO
Marko Ilic,FW,at AUT
Marko Pjaca,FW,hr CRO
Marko Rog,CM,hr CRO
Marko Tolic,AM,hr CRO
Markus Solbakken,CM,no NOR
Marlon Gomes,DM,br BRA
Marquinhos,CB,br BRA
Martende Roon,CM,nl NED
Martin Baturina,CM,hr CRO
Martin Erlic,CB,hr CRO
Martin Suchomel,LM,cz CZE
Martin Terrier,AM,fr FRA
Martin Vitík,CB,cz CZE
MartinØdegaard,CM,no NOR
Marvin Keller,GK,ch SUI
Massadio Haïdara,LB,ml MLI
Matej Kovar,GK,cz CZE
Matej Rynes,LM,cz CZE
Mateo Kovacic,GK,rs SRB
Mateo Retegui,FW,it ITA
Matheus Nunes,DM,pt POR
Matheus Reis,CB,br BRA
Mathias Pereira Lage,LW,pt POR
Mathias Ross,CB,dk DEN
Mathys Tel,LM,fr FRA
Matias Fernandez-Pardo,FW,be BEL
Matteo Dams,LB,be BEL
Matteo Darmian,WB,it ITA
Matteo Gabbia,CB,it ITA
Matteo Ruggeri,WB,it ITA
Mattia Perin,GK,it ITA
Matty Cash,RB,pl POL
Matvei Safonov,GK,ru RUS
Matúš Vojtko,LB,sk SVK
Maurits Kjærgaard,LM,dk DEN
Mauro Júnior,LB,br BRA
Max Johnston,RB,sct SCO
Maxim De Cuyper,LB,be BEL
Maxime Bernauer,CB,fr FRA
Maximilian Beier,FW,de GER
Maximilian Mittelstädt,LB,de GER
Maximiliano Araújo,WB,uy URU
Mehdi Taremi,FW,ir IRN
Meschak Elia,FW,cd COD
Michael Olise,RW,fr FRA
Michal Skoras,DM,hr CRO
Michał Skóraś,RM,pl POL
Michel Aebischer,CM,ch SUI
Michele Di Gregorio,GK,it ITA
Miguel Chaiwa,RW,zm ZAM
Miguel Gutiérrez,LB,es ESP
Mika Biereth,FW,dk DEN
Mike Maignan,GK,fr FRA
Mikel Merino,CM,es ESP
Milson,LW,ao ANG
Mirko Ivanic,CB,rs SRB
Mitchel Bakker,LB,nl NED
Mohamed Aly Camara,CB,gn GUI
Mohamed Lamine Bayo,FW,gn GUI
Mohamed Salah,RW,eg EGY
Mohammed Salisu,CB,gh GHA
Morgan Rogers,AM,eng ENG
Morten Hjulmand,CM,dk DEN
Moussa Kounfolo Yeo,FW,ml MLI
Mykola Matviyenko,CB,ua UKR
Myles Lewis-Skelly,LM,eng ENG
Nahuel Molina,AM,ar ARG
Nasser Djiga,CB,bf BFA
Nathan Aké,LB,nl NED
Nathan Butler-Oyedeji,LW,eng ENG
Nathan Tella,FW,ng NGA
Nathanael Mbuku,RW,cd COD
Nemanja Radonjic,AM,me MNE
Nene Dorgeles,RW,ml MLI
Neto,GK,br BRA
Newerton,LW,br BRA
Ngal'Ayel Mukau,CM,cd COD
Nico O’Reilly,FW,eng ENG
Nico Schlotterbeck,CB,de GER
Nicolas Seiwald,CM,at AUT
Nicolas-Gerrit Kühn,RW,de GER
Nicolás Capaldo,RM,ar ARG
Nicolás González,RW,ar ARG
Nicolás Otamendi,CB,ar ARG
Nicolò Barella,CM,it ITA
Nicolò Fagioli,LW,it ITA
Nicolò Zaniolo,FW,it ITA
NicolòCasale,CB,it ITA
NicolòFagioli,DM,it ITA
NicolòSavona,RB,it ITA
NicolòZaniolo,FW,it ITA
Niklas Geyrhofer,CB,at AUT
Niklas Süle,CB,de GER
Nikola Moro,LM,hr CRO
Nino Marcelli,RW,sk SVK
Noa Lang,RM,nl NED
Noah Okafor,AM,ch SUI
Nordi Mukiele,RB,fr FRA
Nuno Mendes,LB,pt POR
Nuno Santos,WB,pt POR
Odilon Kossounou,CB,ci CIV
Ognjen Mimovic,RB,rs SRB
Oleksander Zubkov,RW,ua UKR
Oleksandr Zinchenko,LB,ua UKR
Olivier Boscagli,CB,fr FRA
Ollie Watkins,FW,eng ENG
Omri Glazer,GK,il ISR
Oriol Romeu,DM,es ESP
Orkun Kökçü,DM,tr TUR
Osame Sahraoui,LM,ma MAR
Oscar Gloukh,LW,il ISR
Otar Kiteishvili,LM,ge GEO
Ousmane Dembélé,RW,fr FRA
Ousmane Diomande,CB,ci CIV
Ousmane Toure,CB,fr FRA
Pablo Barrios,CM,es ESP
Pablo Torre,DM,es ESP
Pascal Groß,DM,de GER
Pascal Stenzel,RB,de GER
Patric Pfeiffer,CB,de GER
Patrik Schick,FW,cz CZE
Pau Cubarsí,CB,es ESP
Pau López,GK,es ESP
Pau Torres,CB,es ESP
Pau Victor,FW,es ESP
Paulo Bernardo,LM,pt POR
Paulo Gazzaniga,GK,ar ARG
Pedri,DM,es ESP
Pedrinho,RW,br BRA
Pedro Gonçalves,AM,pt POR
Pedro Henrique,LB,br BRA
Petar Ratkov,CM,rs SRB
Petar Sucic,CM,hr CRO
Peter Olayinka,LW,ng NGA
Peter Vindahl Jensen,GK,dk DEN
Phil Foden,CM,eng ENG
Philipp Köhn,GK,ch SUI
Piero Hincapié,CB,ec ECU
Pierre Kalulu,RB,fr FRA
Pierre Lees-Melou,CM,fr FRA
Piotr Zielinski,LM,rs SRB
Portu,AM,es ESP
Péter Gulácsi,GK,hu HUN
Qazim Laci,CM,al ALB
Quinten Timber,CM,nl NED
Rade Krunic,CM,pl POL
Radoslaw Majecki,DM,ba BIH
Rafael Leão,LW,pt POR
Rafael Tolói,CB,it ITA
Raheem Sterling,RW,eng ENG
Ramiz Zerrouki,CM,dz ALG
Ramy Bensebaini,LB,dz ALG
Randal Kolo Muani,FW,fr FRA
Raoul Bellanova,WB,it ITA
Raphael Onyedika,DM,ng NGA
Raphaël Guerreiro,RB,pt POR
Raphinha,LW,br BRA
Raúl Asencio,CB,es ESP
Raúl Torrente,CB,es ESP
Reinildo Mandava,CB,mz MOZ
Remo Freuler,CM,ch SUI
Renato Sanches,DM,pt POR
Reo Hatate,LM,jp JPN
Rhodri Smith,LB,ch SUI
Ricardo Esgaio,CB,pt POR
Ricardo Pepi,FW,us USA
Riccardo Calafiori,LB,it ITA
Riccardo Orsolini,RW,it ITA
Richy Ledezma,RB,us USA
Rick Karsdorp,RB,nl NED
Rico Lewis,DM,eng ENG
Robert Andrich,CM,de GER
Robert Lewandowski,FW,pl POL
Robin Le Normand,CB,es ESP
Rodri Hernández,DM,es ESP
Rodrigo De Paul,CM,ar ARG
Rodrigo Riquelme,WB,es ESP
Rodrygo,RW,br BRA
Romain Del Castillo,RW,fr FRA
Romain Faivre,RW,fr FRA
Romeo Vermant,CM,be BEL
Ronald Araújo,CB,uy URU
Ronaël Pierre-Gabriel,RB,fr FRA
Ross Barkley,DM,eng ENG
Ruben Loftus-Cheek,DM,eng ENG
Ryan Flamingo,CB,nl NED
Ryan Gravenberch,DM,nl NED
Rémy Cabella,LM,fr FRA
Róbert Mak,LW,sk SVK
Rúben Dias,CB,pt POR
Sacha Boey,RB,fr FRA
Sam Beukema,CB,nl NED
Samson Baidoo,CB,at AUT
Samuel Chukwueze,RW,ng NGA
Samuel Iling-Junior,RW,eng ENG
Samuel Lino,WB,br BRA
Samuel Mbangula,LW,be BEL
Samy Mmaee,CB,ma MAR
Sandro Kulenovic,GK,pl POL
Sandro Lauper,CM,ch SUI
Santiago Castro,FW,ar ARG
Santiago Giménez,FW,mx MEX
Sead Kolašinac,CB,ba BIH
Seedy Jatta,FW,no NOR
Senny Mayulu,RM,fr FRA
Seol Young-woo,RB,kr KOR
Serge Gnabry,LW,de GER
Sergi Dominguez,FW,es ESP
Serhou Guirassy,FW,gn GUI
Siemen Voet,LB,be BEL
Silas Katompa,RW,cd COD
Silvi Clúa,DM,es ESP
Silvère Ganvoula M'Boussy,FW,cg CGO
Simon Mignolet,GK,be BEL
Soumaïla Coulibaly,CB,fr FRA
Soungoutou Magassa,DM,fr FRA
Stefan Bajcetic,CM,es ESP
Stefan Hierländer,DM,at AUT
Stefan Ortega,GK,de GER
Stefan Posch,RB,at AUT
Stefan Ristovski,CB,mk MKD
Stefande Vrij,CB,nl NED
Strahinja Pavlovic,FW,hr CRO
Sven Ulreich,GK,de GER
Sávio,RW,br BRA
Takumi Minamino,AM,jp JPN
Takumu Kawamura,LM,jp JPN
Takuya Ogiwara,LB,jp JPN
Tammy Abraham,FW,eng ENG
Tammy Abrahamr,FW,eng ENG
Tanguy Zoukrou,CB,fr FRA
Taras Stepanenko,DM,ua UKR
Teun Koopmeiners,LM,nl NED
Theo Hernández,LB,fr FRA
Thibaut Courtois,GK,be BEL
Thijs Dallinga,FW,nl NED
Thilo Kehrer,CB,de GER
Thomas Beelen,CB,nl NED
Thomas Lemar,FW,fr FRA
Thomas Meunier,RB,be BEL
Thomas Müller,AM,de GER
Thomas Partey,CM,gh GHA
Tiago Santos,RB,pt POR
Tigran Barseghyan,RW,am ARM
Tijjani Reijnders,AM,nl NED
Timi Elšnik,LB,si SVN
Timon Wellenreuther,GK,de GER
Timothy Weah,RW,us USA
Tochi Chukwuani,DM,dk DEN
Tomi Horvat,RM,si SVN
Tommaso Corazza,RB,it ITA
Tommaso Pobega,LM,it ITA
Tomás Araújo,CB,pt POR
Tomáš Wiesner,LM,cz CZE
Trent Alexander-Arnold,RB,eng ENG
Trey Nyoni,LM,eng ENG
Tygo Land,CM,nl NED
Tyler Morton,RM,eng ENG
Tyrone Mings,CB,eng ENG
Uros Spajic,CB,rs SRB
Uroš Spajić,CB,rs SRB
Valerii Bondar,CB,ua UKR
Vanderson,LB,br BRA
Vangelis Pavlidis,FW,gr GRE
Vanja Drkušić,CB,si SVN
Vasilije Adžić,FW,me MNE
Veljko Birmancevic,RW,rs SRB
Victor Boniface,FW,ng NGA
Victor Olatunji,FW,ng NGA
Viggo Gebel,RB,de GER
Viktor Gyökeres,FW,se SWE
Viktor Tsyhankov,RW,ua UKR
Vinicius Júnior,LW,br BRA
Vinicius Tobias,RB,br BRA
Virgilvan Dijk,CB,nl NED
Vitinha,CM,pt POR
Vladimír Weiss,LW,sk SVK
Waldemar Anton,CB,de GER
Walter Benítez,GK,ar ARG
Warren Zaïre-Emery,RM,fr FRA
Wataru Endo,DM,jp JPN
Wessel Kuhn,LW,nl NED
Weston Mc Kennie,RM,us USA
Wilfried Singo,RB,ci CIV
Willi Orban,CB,hu HUN
William Bøving,AM,dk DEN
William Saliba,CB,fr FRA
William Vick,AM,dk DEN
Willian Pacho,CB,ec ECU
Xavi Simons,LM,nl NED
Yan Couto,RM,br BRA
Yang Hyunjun,RW,kr KOR
Yangel Herrera,DM,ve VEN
Yann Aurel Bisseck,CB,de GER
Yann Sommer,GK,ch SUI
Yannik Keitel,DM,de GER
Yaser Asprilla,LW,co COL
Younes Lachaab,LM,fr FRA
Youri Tielemans,DM,be BEL
Youssouf Fofana,DM,fr FRA
Yukhym Konoplia,RB,ua UKR
Yunus Musah,CM,us USA
Yussuf Poulsen,FW,dk DEN
Zachary Athekame,RB,ch SUI
Zeki Amdouni,FW,ch SUI
Zeno Debast,CB,be BEL
Zuberu Sharani,LB,gh GHA
ismael Saibari,LM,ma MAR
matheus Reis,CB,br BRA
Álex Grimaldo,WB,es ESP
Álex Valle,LB,es ESP
Álvaro Carreras,LB,es ESP
Álvaro Morata,FW,es ESP
Ángel Correa,AM,ar ARG
Ángel Di María,RW,ar ARG
Ángelo Preciado,RM,ec ECU
Éder Militão,CB,br BRA
Éderson,CM,br BRA
İlkay Gündoğan,CM,de GER
,GK,pl POL
